date,platform,post_type,board_or_channel,title,caption,asset_source,status
2026-07-04,Pinterest,pin,Personalized Gifts,Personalized Gifts Made for Every Occasion,"Create custom print-on-demand gifts, apparel, tumblers, photo gifts, and decor made to order at BugSell.",bugsell.com,published
2026-07-04,Pinterest,pin,Custom Apparel,Custom Apparel for Everyday Style,"Design personalized shirts, jerseys, and apparel made to order with BugSell.",bugsell.com,published
2026-07-04,Pinterest,pin,Photo Gifts,Photo Gifts That Feel Personal,"Turn memories into custom photo gifts, decor, puzzles, tumblers, and keepsakes.",bugsell.com,published
2026-07-05,Pinterest,pin,Gift Ideas,Personalized Gift Ideas for Any Occasion,"Find unique custom gifts made for birthdays, holidays, couples, families, and everyday surprises.",bugsell.com,planned
2026-07-05,Pinterest,pin,Tumblers & Drinkware,Custom Tumblers Made Personal,"Create drinkware that feels personal with names, photos, themes, and custom designs.",bugsell.com,planned
2026-07-05,Instagram,carousel,,Custom Gifts People Actually Keep,"Personalized gifts feel better because they are made for one person, not everyone. Explore custom apparel, tumblers, photo gifts, and decor at BugSell.",bugsell.com,manual
2026-07-05,Facebook,post,,Custom Gifts People Actually Keep,"Personalized gifts feel better because they are made for one person, not everyone. Explore custom apparel, tumblers, photo gifts, and decor at BugSell.",bugsell.com,manual
2026-07-06,YouTube,short,@bugsell-n5n,Custom Gift Ideas in 15 Seconds,"Quick ideas for personalized gifts: shirts, jerseys, tumblers, photo gifts, puzzles, and decor. Shop BugSell.",bugsell.com,planned
2026-07-06,Pinterest,pin,Personalized Gifts,Unique Gifts Made to Order,"Shop custom gifts created for real moments: family, couples, pets, sports, birthdays, and holidays.",bugsell.com,planned
2026-07-07,Pinterest,pin,Custom Apparel,Custom Shirts and Jerseys,"Make apparel personal with names, photos, teams, themes, and custom print-on-demand designs.",bugsell.com,planned
2026-07-07,Instagram,reel,,Gift Ideas for People Who Have Everything,"When generic gifts feel boring, go custom. BugSell makes personalized apparel, tumblers, photo gifts, and decor.",bugsell.com,manual
2026-07-08,Pinterest,pin,Photo Gifts,Turn Photos Into Gifts,"Use favorite memories to create custom photo gifts, decor, puzzles, and keepsakes.",bugsell.com,planned
2026-07-09,Facebook,post,,Made-to-Order Gift Ideas,"Create something personal with BugSell: custom apparel, drinkware, photo gifts, decor, and more.",bugsell.com,manual
2026-07-10,YouTube,short,@bugsell-n5n,Personalized Tumblers and Apparel,"Custom gift ideas from BugSell: tumblers, shirts, jerseys, photo products, and keepsakes.",bugsell.com,planned
